,Date,Open,High,Low,Close,Volume,balance,percent,total_percent
0,2017-05-03,681.7,684.91,680.95,684.75,48125950.0,100000000,,
1,2017-05-04,684.8,688.75,683.44,685.35,64272820.0,100000000,0.08762322015334396,0.08762322015334396
2,2017-05-05,684.95,687.41,684.09,684.59,42196300.0,100000000,-0.11089224483840239,-0.023269024685058426
3,2017-05-08,683.15,684.17,681.06,681.32,56325240.0,100000000,-0.4776581603587522,-0.5009271850438106
4,2017-05-09,680.42,687.68,680.34,687.33,72567630.0,100000000,0.8821111959138129,0.3811840108700023
5,2017-05-10,689.07,695.66,689.07,690.44,55364010.0,100000000,0.4524755212197945,0.8336595320897968
6,2017-05-11,692.13,693.19,689.69,690.68,47138800.0,100000000,0.034760442616287496,0.8684199747060843
7,2017-05-12,691.46,693.85,690.29,690.81,43430540.0,100000000,0.01882203046273172,0.887242005168816
8,2017-05-15,691.33,696.86,691.33,695.42,48384980.0,100000000,0.6673325516422771,1.5545745568110931
9,2017-05-16,695.86,698.67,693.23,693.79,68027100.0,100000000,-0.23439072790543777,1.3201838289056553
10,2017-05-17,692.95,697.47,691.06,696.12,41713550.0,100000000,0.33583649231035917,1.6560203212160145
11,2017-05-18,693.93,701.28,693.92,695.75,54298790.0,100000000,-0.05315175544446425,1.6028685657715502
12,2017-05-19,696.66,701.88,695.53,701.76,55572400.0,100000000,0.8638160258713605,2.4666845916429105
13,2017-05-22,707.27,715.28,706.84,709.54,82326990.0,100000000,1.1086411308709492,3.5753257225138597
14,2017-05-23,711.96,713.7,708.11,708.11,60718620.0,100000000,-0.2015390252839798,3.37378669722988
15,2017-05-24,710.81,719.59,710.27,718.44,62876660.0,100000000,1.4588128963014277,4.832599593531308
16,2017-05-25,718.42,722.06,715.78,716.71,65549750.0,100000000,-0.24079951004955433,4.591800083481753
17,2017-05-26,716.24,719.36,716.07,718.79,48148160.0,100000000,0.2902150102551837,4.882015093736937
18,2017-05-29,723.27,725.2,721.92,722.6,63768530.0,100000000,0.5300574576719291,5.412072551408866
19,2017-05-30,722.82,723.54,712.2,712.36,66428310.0,100000000,-1.4171048989759216,3.994967652432945
20,2017-05-31,712.02,719.32,709.73,713.98,49716800.0,100000000,0.22741310573305695,4.222380758166002
21,2017-06-01,713.63,719.03,713.63,718.4,37291970.0,100000000,0.6190649598027899,4.841445717968792
22,2017-06-02,720.39,720.75,715.7,718.76,40371610.0,100000000,0.05011135857461215,4.891557076543404
23,2017-06-05,719.05,724.35,719.05,721.43,47928360.0,100000000,0.3714730925482719,5.263030169091676
24,2017-06-06,723.01,731.8,723.01,731.71,64594480.0,100000000,1.4249476733709558,6.687977842462632
25,2017-06-07,736.17,739.51,734.95,736.7,63822680.0,100000000,0.6819641661313921,7.369942008594024
26,2017-06-08,737.75,740.25,734.03,737.51,52851660.0,100000000,0.1099497760282266,7.479891784622251
27,2017-06-09,738.47,743.9,738.47,739.26,53701480.0,100000000,0.23728491817060107,7.717176702792852
28,2017-06-12,740.65,742.0,735.26,736.27,42979290.0,100000000,-0.40445851256662196,7.31271819022623
29,2017-06-13,737.03,740.27,734.53,739.56,46110170.0,100000000,0.44684694473494285,7.759565134961172
30,2017-06-14,744.42,748.04,743.67,744.55,64308120.0,100000000,0.6747255124668735,8.434290647428046
31,2017-06-15,746.87,750.71,744.58,746.83,60120080.0,100000000,0.30622523672017815,8.740515884148225
32,2017-06-16,751.5,751.5,748.08,749.87,43435170.0,100000000,0.40705381412101327,9.147569698269239
33,2017-06-19,754.03,756.51,753.36,756.49,62199340.0,100000000,0.8828196887460499,10.030389387015289
34,2017-06-20,759.73,761.04,756.77,759.51,55829960.0,100000000,0.39921215085460243,10.42960153786989
35,2017-06-21,758.49,759.43,749.47,756.27,65695600.0,100000000,-0.42659082829719286,10.003010709572697
36,2017-06-22,759.65,761.62,757.13,758.47,53943930.0,100000000,0.2909013976489938,10.293912107221692
37,2017-06-23,757.44,758.98,752.69,758.15,47103860.0,100000000,-0.042190198689473546,10.251721908532218
38,2017-06-26,759.9,762.27,757.98,759.45,45968600.0,100000000,0.17147002572051284,10.423191934252731
39,2017-06-27,761.96,761.96,754.23,755.15,61561340.0,100000000,-0.5661992231220051,9.856992711130726
40,2017-06-28,754.16,756.29,751.2,756.29,51006260.0,100000000,0.15096338475799329,10.00795609588872
41,2017-06-29,759.13,763.14,758.94,761.32,45735340.0,100000000,0.6650887886921798,10.673044884580898
42,2017-06-30,763.63,766.29,763.0,765.48,54568160.0,100000000,0.5464193768717448,11.219464261452643
43,2017-07-03,765.52,770.56,765.52,766.36,59165900.0,100000000,0.11496054763024446,11.334424809082888
44,2017-07-04,765.88,767.28,760.9,762.51,60462980.0,100000000,-0.5023748629886766,10.832049946094212
45,2017-07-05,764.91,765.5,761.28,765.15,46342830.0,100000000,0.3462249675414075,11.17827491363562
46,2017-07-06,768.8,771.13,768.37,769.96,61762060.0,100000000,0.6286349081879448,11.806909821823565
47,2017-07-07,771.89,771.98,763.11,763.54,65230230.0,100000000,-0.833809548547986,10.973100273275579
48,2017-07-10,761.69,761.69,748.06,750.17,62718560.0,100000000,-1.7510542997092495,9.22204597356633
49,2017-07-11,750.4,753.2,743.13,748.32,48406650.0,100000000,-0.24661076822585667,8.975435205340473
50,2017-07-12,756.08,758.72,752.27,757.3,46002040.0,100000000,1.2000213812272695,10.175456586567742
51,2017-07-13,759.8,759.99,755.81,759.08,43360690.0,100000000,0.23504555658260748,10.41050214315035
52,2017-07-14,762.77,764.53,759.01,759.7,43905280.0,100000000,0.08167782051957692,10.492179963669926
53,2017-07-17,758.53,758.74,741.66,744.3,63123360.0,100000000,-2.0271159668290233,8.465063996840904
54,2017-07-18,739.25,743.0,733.6,740.14,50661810.0,100000000,-0.5589144162300106,7.906149580610894
55,2017-07-19,745.44,745.73,738.28,738.28,41746650.0,100000000,-0.25130380738779334,7.654845773223101
56,2017-07-20,735.45,736.31,732.08,735.56,44866260.0,100000000,-0.3684239042097886,7.286421869013312
57,2017-07-21,737.37,739.48,729.63,730.3,37842420.0,100000000,-0.7151014193267703,6.571320449686541
58,2017-07-24,727.57,730.86,723.45,728.93,29170330.0,100000000,-0.1875941393947699,6.383726310291771
59,2017-07-25,727.79,735.72,727.79,735.72,33102190.0,100000000,0.9315023390449121,7.315228649336683
60,2017-07-26,739.68,745.84,736.34,745.02,41300830.0,100000000,1.2640678519001731,8.579296501236856
61,2017-07-27,744.5,747.08,741.96,744.34,32548170.0,100000000,-0.09127271751093259,8.488023783725923
62,2017-07-28,742.77,748.94,742.2,748.91,46123910.0,100000000,0.6139667356315577,9.10199051935748
63,2017-07-31,748.88,754.18,747.61,754.03,64484880.0,100000000,0.6836602529008832,9.785650772258364
64,2017-08-01,755.5,758.81,754.64,757.38,49402600.0,100000000,0.44427940532870347,10.229930177587068
65,2017-08-02,753.85,759.52,750.75,756.52,57263130.0,100000000,-0.11354934114975489,10.116380836437314
66,2017-08-03,755.7,761.17,755.7,757.75,53721810.0,100000000,0.16258658065880852,10.278967417096123
67,2017-08-04,757.79,761.43,757.79,760.69,41702390.0,100000000,0.38799076212471856,10.666958179220842
68,2017-08-07,762.13,766.12,761.2,763.59,39732360.0,100000000,0.3812328280902834,11.048191007311125
69,2017-08-08,764.7,764.7,757.47,759.49,40556740.0,100000000,-0.5369373616731522,10.511253645637973
70,2017-08-09,755.32,755.32,742.8,746.41,58976450.0,100000000,-1.7222083240069046,8.789045321631068
71,2017-08-10,737.72,745.34,737.72,742.17,36989010.0,100000000,-0.5680524108733818,8.220992910757687
72,2017-08-11,742.18,746.42,739.3,744.86,42415790.0,100000000,0.3624506514679999,8.583443562225687
73,2017-08-14,744.72,750.97,744.45,750.97,30622150.0,100000000,0.8202883763391797,9.403731938564867
74,2017-08-15,752.13,752.25,744.93,746.03,31680820.0,100000000,-0.6578158914470691,8.745916047117799
75,2017-08-16,746.07,748.71,741.57,748.31,40768900.0,100000000,0.30561773655214575,9.051533783669944
76,2017-08-17,749.35,750.58,743.51,743.51,42772440.0,100000000,-0.6414453902794237,8.41008839339052
77,2017-08-18,739.31,745.91,738.33,745.86,31675150.0,100000000,0.31606837836747625,8.726156771757996
78,2017-08-21,744.23,744.96,741.68,742.78,27393000.0,100000000,-0.41294612930041036,8.313210642457586
79,2017-08-22,743.86,743.86,736.88,738.6,28125430.0,100000000,-0.562750747192971,7.750459895264615
80,2017-08-23,739.46,741.99,736.71,741.65,24390540.0,100000000,0.41294340644461885,8.163403301709234
81,2017-08-24,743.23,749.82,742.34,748.87,31641160.0,100000000,0.973505022584781,9.136908324294016
82,2017-08-25,746.87,751.03,746.87,751.03,30408860.0,100000000,0.28843457475929973,9.425342899053316
83,2017-08-28,751.59,755.76,749.2,755.76,40440120.0,100000000,0.6298017389451843,10.0551446379985
84,2017-08-29,757.84,758.76,754.75,757.86,39143800.0,100000000,0.2778659892029246,10.333010627201425
85,2017-08-30,756.49,763.46,755.32,763.43,32265860.0,100000000,0.7349642414166121,11.067974868618037
86,2017-08-31,765.47,772.91,764.22,772.35,48342740.0,100000000,1.1684109872548987,12.236385855872935
87,2017-09-01,770.97,774.76,770.39,774.1,33211370.0,100000000,0.22658121318055285,12.462967069053489
88,2017-09-05,775.28,778.71,771.68,777.1,34727920.0,100000000,0.38754682857511946,12.850513897628609
89,2017-09-06,776.87,777.99,772.63,776.21,33630670.0,100000000,-0.11452837472654565,12.735985522902064
90,2017-09-07,777.16,780.54,776.0,777.63,39263060.0,100000000,0.18294018371316512,12.91892570661523
91,2017-09-08,780.62,786.85,780.18,785.34,33617080.0,100000000,0.9914740943636482,13.910399800978878
92,2017-09-11,785.06,789.53,780.46,780.57,35315640.0,100000000,-0.6073802429520948,13.303019558026783
93,2017-09-12,777.55,783.58,775.81,783.37,38223690.0,100000000,0.3587122231189969,13.66173178114578
94,2017-09-13,785.46,786.96,783.56,786.07,35251890.0,100000000,0.3446647178217248,14.006396498967506
95,2017-09-14,786.82,793.16,786.82,789.05,38700730.0,100000000,0.3791010978665901,14.385497596834096
96,2017-09-15,786.22,789.1,784.49,787.54,29605540.0,100000000,-0.19136936822761436,14.194128228606482
97,2017-09-18,792.16,795.32,789.83,793.44,42654230.0,100000000,0.7491682962135373,14.94329652482002
98,2017-09-19,794.15,797.54,793.52,794.3,39455360.0,100000000,0.10838878806209667,15.051685312882118
99,2017-09-20,793.93,793.98,789.43,790.41,31907880.0,100000000,-0.48973939317638004,14.561945919705737
100,2017-09-21,790.46,791.0,786.0,787.7,36047610.0,100000000,-0.34286003466554354,14.219085885040194
101,2017-09-22,786.51,791.65,785.99,788.14,35683770.0,100000000,0.05585882950361062,14.274944714543805
102,2017-09-25,789.81,791.16,785.69,790.08,33527500.0,100000000,0.2461491613165243,14.521093875860329
103,2017-09-26,791.03,791.03,785.24,789.65,42989940.0,100000000,-0.05442486836776828,14.46666900749256
104,2017-09-27,788.02,791.43,787.61,789.66,31477540.0,100000000,0.0012663838409410378,14.467935391333501
105,2017-09-28,788.15,795.95,788.15,791.21,41767360.0,100000000,0.19628700959907658,14.664222400932578
106,2017-09-29,791.4,797.26,791.4,794.46,31453910.0,100000000,0.4107632613339063,15.074985662266485
107,2017-10-02,793.64,796.03,790.37,790.88,26233420.0,100000000,-0.45062054728998824,14.624365114976497
108,2017-10-03,791.71,793.19,785.1,788.54,34176730.0,100000000,-0.29587295164880034,14.328492163327697
109,2017-10-04,786.17,794.48,786.12,794.38,25450740.0,100000000,0.7406092271793482,15.069101390507045
110,2017-10-05,797.41,801.36,796.71,797.7,45527270.0,100000000,0.4179360004028362,15.487037390909881
111,2017-10-06,797.82,800.73,796.23,800.25,32492830.0,100000000,0.3196690485144734,15.806706439424355
112,2017-10-09,802.89,803.23,798.96,800.73,68327820.0,100000000,0.059981255857546795,15.866687695281902
113,2017-10-10,798.97,804.26,798.97,804.26,31622930.0,100000000,0.44084772644961134,16.307535421731515
114,2017-10-11,804.84,810.12,804.48,805.5,48098400.0,100000000,0.15417899684181846,16.461714418573333
115,2017-10-12,807.63,813.21,806.65,810.0,57548370.0,100000000,0.5586592178770949,17.02037363645043
116,2017-10-13,807.9,813.99,807.45,813.35,32741320.0,100000000,0.4135802469135831,17.433953883364012
117,2017-10-16,815.27,817.72,811.39,813.77,40506450.0,100000000,0.05163828610068962,17.485592169464702
118,2017-10-17,811.73,816.73,811.24,815.85,44168680.0,100000000,0.25560047679320214,17.741192646257904
119,2017-10-18,819.36,821.29,815.06,815.06,50487680.0,100000000,-0.09683152540296344,17.644361120854942
120,2017-10-19,817.62,821.08,815.29,817.53,41798470.0,100000000,0.3030451745883772,17.94740629544332
121,2017-10-20,816.99,821.54,813.38,814.83,44526530.0,100000000,-0.33026310961064814,17.61714318583267
122,2017-10-23,811.49,813.23,806.58,806.82,39872250.0,100000000,-0.9830271344943106,16.63411605133836
123,2017-10-24,807.6,814.61,804.43,811.6,30143490.0,100000000,0.5924493691281788,17.22656542046654
124,2017-10-25,816.05,821.61,812.98,821.53,31486150.0,100000000,1.2235091177920094,18.450074538258548
125,2017-10-26,820.01,825.9,815.16,819.55,35220520.0,100000000,-0.24101371830608964,18.20906081995246
126,2017-10-27,823.16,830.22,820.16,830.22,31747200.0,100000000,1.3019339881642455,19.510994808116706
127,2017-10-30,835.33,841.32,835.33,837.15,47172200.0,100000000,0.834718508347179,20.345713316463886
128,2017-10-31,836.65,839.79,829.72,835.08,34971590.0,100000000,-0.24726751478228948,20.098445801681596
129,2017-11-01,832.1,835.44,831.63,834.24,43494760.0,100000000,-0.1005891651099334,19.99785663657166
130,2017-11-02,835.36,843.34,826.8,826.8,43849170.0,100000000,-0.8918296892980503,19.106026947273612
131,2017-11-03,828.44,838.99,826.59,838.99,36522500.0,100000000,1.4743589743589811,20.580385921632594
132,2017-11-06,842.91,845.67,839.88,845.4,47197740.0,100000000,0.7640138738244756,21.34439979545707
133,2017-11-07,846.17,850.69,842.67,845.71,46114740.0,100000000,0.03666903241070016,21.381068827867768
134,2017-11-08,849.56,856.47,848.23,856.33,55024400.0,100000000,1.2557496068392242,22.636818434706992
135,2017-11-09,857.26,858.93,852.06,853.91,45658180.0,100000000,-0.2826013335980373,22.354217101108954
136,2017-11-10,850.25,861.36,850.1,858.2,54472420.0,100000000,0.5023948659694907,22.856611967078447
137,2017-11-13,861.0,868.58,861.0,868.58,50886070.0,100000000,1.2095082731298061,24.066120240208253
138,2017-11-14,868.59,873.74,861.96,869.94,52682510.0,100000000,0.1565774021966904,24.222697642404942
139,2017-11-15,870.85,880.58,868.75,880.54,49917160.0,100000000,1.2184748373450938,25.441172479750037
140,2017-11-16,875.2,887.14,875.2,885.73,54004370.0,100000000,0.5894110432234827,26.03058352297352
141,2017-11-17,890.49,897.39,882.81,885.31,49931580.0,100000000,-0.04741851354250988,25.98316500943101
142,2017-11-20,886.49,899.15,883.7,898.71,42859210.0,100000000,1.5135941082784665,27.496759117709473
143,2017-11-21,902.76,923.57,902.76,910.92,69562970.0,100000000,1.3586140134192257,28.855373131128697
144,2017-11-22,912.46,921.24,909.95,919.23,65689790.0,100000000,0.9122645237781649,29.767637654906864
145,2017-11-23,926.83,933.45,916.61,923.84,65355440.0,100000000,0.5015066958215042,30.269144350728368
146,2017-11-24,920.32,928.41,914.95,925.95,54731110.0,100000000,0.228394527190857,30.497538877919226
147,2017-11-27,923.8,939.36,923.0,932.35,57987110.0,100000000,0.6911820292672366,31.18872090718646
148,2017-11-28,931.21,935.97,926.12,929.3,50969510.0,100000000,-0.32713036949644103,30.86159053769002
149,2017-11-29,938.18,944.98,934.64,944.98,60790660.0,100000000,1.68729150973852,32.54888204742854
150,2017-11-30,951.06,955.17,946.31,948.58,64551030.0,100000000,0.3809604436072745,32.929842491035814
151,2017-12-01,943.08,953.22,943.08,951.25,46208910.0,100000000,0.281473360180476,33.21131585121629
152,2017-12-04,954.31,968.53,954.31,967.45,72140640.0,100000000,1.7030223390276,34.91433819024389
153,2017-12-05,968.58,970.35,947.76,947.76,73343600.0,100000000,-2.035247299602052,32.879090890641834
154,2017-12-06,940.82,941.32,919.99,927.6,70696890.0,100000000,-2.127120790073433,30.7519701005684
155,2017-12-07,942.07,945.52,923.23,929.92,46122460.0,100000000,0.2501078050883933,31.002077905656794
156,2017-12-08,928.32,935.51,920.97,931.39,40168440.0,100000000,0.15807811424638973,31.160156019903184
157,2017-12-11,928.39,928.39,916.41,917.39,41067520.0,100000000,-1.5031297308324119,29.65702628907077
158,2017-12-12,919.04,922.24,883.52,911.5,70858330.0,100000000,-0.6420388275433552,29.014987461527415
159,2017-12-13,919.58,920.38,911.01,913.77,36522500.0,100000000,0.2490400438837062,29.26402750541112
160,2017-12-14,913.3,926.34,913.3,926.17,31253510.0,100000000,1.3570154415224813,30.621042946933603
161,2017-12-15,925.65,933.09,925.2,932.62,43015610.0,100000000,0.6964164246304724,31.317459371564077
162,2017-12-18,937.81,949.82,937.64,949.07,48689790.0,100000000,1.7638480838926944,33.08130745545677
163,2017-12-19,955.99,959.33,947.24,948.49,53106630.0,100000000,-0.06111245745835828,33.020194997998416
164,2017-12-20,947.51,954.96,942.07,948.93,49849630.0,100000000,0.046389524401937915,33.066584522400355
165,2017-12-21,944.9,953.26,943.68,945.28,44071260.0,100000000,-0.384643756652227,32.68194076574813
166,2017-12-22,939.48,946.01,937.75,943.32,45797590.0,100000000,-0.20734597156397286,32.474594794184156
167,2017-12-25,947.06,950.64,944.77,949.25,32318240.0,100000000,0.6286307933680988,33.10322558755225
168,2017-12-26,951.27,955.39,948.68,955.39,40875550.0,100000000,0.6468264419278363,33.75005202948009
169,2017-12-27,957.76,962.33,955.14,957.44,62597910.0,100000000,0.2145720595777712,33.96462408905786
170,2017-12-28,960.38,968.4,957.19,966.03,50832860.0,100000000,0.8971841577540021,34.86180824681186
171,2017-12-29,968.28,980.47,967.2,974.84,58334000.0,100000000,0.9119799592145234,35.77378820602638
172,2018-01-02,977.2,991.53,975.49,991.53,70151570.0,100000000,1.7120758278281503,37.48586403385453
173,2018-01-03,996.23,1011.84,995.74,1003.2,82640850.0,100000000,1.1769689268100887,38.66283296066462
174,2018-01-04,1007.6,1014.17,1006.96,1011.65,86867830.0,100000000,0.8423046251993552,39.50513758586398
175,2018-01-05,1014.42,1014.42,1005.1,1007.08,81777580.0,100000000,-0.45173726091038763,39.05340032495359
176,2018-01-08,1006.25,1020.78,1000.29,1019.53,102834680.0,100000000,1.236247368630092,40.28964769358368
177,2018-01-09,1028.05,1040.58,1019.52,1037.61,115981990.0,100000000,1.7733661589163563,42.063013852500035
178,2018-01-10,1040.61,1047.59,1033.54,1040.55,138468280.0,100000000,0.2833434527423651,42.3463573052424
179,2018-01-11,1039.7,1050.23,1031.43,1047.42,86997700.0,100000000,0.6602277641631943,43.006585069405595
180,2018-01-12,1050.08,1058.2,1044.85,1049.5,118669690.0,100000000,0.19858318535066422,43.20516825475626
181,2018-01-15,1050.35,1060.31,1042.64,1058.89,99091670.0,100000000,0.8947117675083468,44.09988002226461
182,2018-01-16,1056.95,1063.46,1047.9,1056.13,110654130.0,100000000,-0.26065030361982744,43.83922971864478
183,2018-01-17,1060.36,1061.49,1034.98,1034.98,96976050.0,100000000,-2.0025943775861013,41.83663534105868
184,2018-01-18,1028.39,1036.39,1013.11,1036.16,98286640.0,100000000,0.11401186496358033,41.95064720602226
185,2018-01-19,1050.01,1062.13,1046.92,1059.06,99743750.0,100000000,2.210083384805422,44.16073059082768
186,2018-01-22,1059.2,1084.09,1059.19,1082.71,91783390.0,100000000,2.2331123826789883,46.39384297350667
187,2018-01-25,1093.49,1109.98,1088.69,1095.64,169642790.0,100000000,1.1942256005763374,47.58806857408301
188,2018-01-26,1096.09,1112.59,1088.0,1100.52,89556890.0,100000000,0.44540177430541794,48.03347034838843
189,2018-01-29,1108.98,1118.08,1095.75,1099.8,103819310.0,100000000,-0.06542361792607379,47.968046730462355
190,2018-01-30,1087.57,1095.42,1078.98,1093.14,98882850.0,100000000,-0.6055646481178264,47.36248208234453
191,2018-01-31,1097.38,1113.37,1094.77,1101.99,96593720.0,100000000,0.8095943794939265,48.17207646183845
192,2018-02-01,1098.3,1098.3,1076.09,1082.22,79325130.0,100000000,-1.7940271690305702,46.37804929280788
193,2018-02-02,1087.24,1089.16,1075.65,1086.86,62045960.0,100000000,0.42874831365155625,46.80679760645943
194,2018-02-05,1081.7,1081.7,1037.42,1037.42,84652800.0,100000000,-4.548883940893936,42.257913665565496
195,2018-02-06,1013.7,1015.56,969.01,990.04,140718660.0,100000000,-4.567099149813972,37.690814515751526
196,2018-02-07,1034.76,1040.23,1025.3,1034.28,61608300.0,100000000,4.46850632297685,42.15932083872838
197,2018-02-08,1024.13,1031.98,1014.89,1019.5,40964220.0,100000000,-1.4290134199636435,40.73030741876473
198,2018-02-09,983.6,996.37,966.78,996.37,61849040.0,100000000,-2.2687591956841584,38.46154822308057
199,2018-02-12,1001.7,1025.24,1001.7,1025.24,50777860.0,100000000,2.897517990304807,41.359066213385375
200,2018-02-13,1043.44,1055.86,1043.44,1054.93,49613420.0,100000000,2.8959072997542092,44.25497351313958
201,2018-02-21,1064.55,1081.82,1063.73,1076.5,71369330.0,100000000,2.0446854293649754,46.29965894250456
202,2018-02-22,1068.84,1078.48,1063.46,1065.84,81163140.0,100000000,-0.9902461681374902,45.30941277436707
203,2018-02-23,1073.56,1087.26,1068.75,1087.26,77291420.0,100000000,2.009682503940561,47.31909527830763
204,2018-02-26,1101.66,1113.01,1100.33,1100.61,92410510.0,100000000,1.2278571822747006,48.54695246058233
205,2018-02-27,1108.87,1110.11,1094.17,1104.51,72375490.0,100000000,0.3543489519448389,48.90130141252717
206,2018-02-28,1096.3,1113.59,1095.98,1110.33,95487660.0,100000000,0.5269304940652358,49.4282319065924
207,2018-03-01,1106.03,1116.79,1098.51,1105.97,89319260.0,100000000,-0.3926760512640296,49.03555585532837
208,2018-03-02,1095.31,1109.51,1092.18,1108.92,70122050.0,100000000,0.266734179046452,49.30229003437482
209,2018-03-05,1113.71,1116.8,1102.18,1102.61,92467070.0,100000000,-0.5690221116040988,48.73326792277072
210,2018-03-06,1091.98,1102.55,1075.78,1101.93,70759240.0,100000000,-0.061671851334545884,48.67159607143618
211,2018-03-07,1102.85,1106.89,1084.53,1089.61,68096390.0,100000000,-1.1180383508934473,47.55355772054273
212,2018-03-08,1092.29,1109.29,1091.7,1106.49,44469790.0,100000000,1.54917814630924,49.102735866851965
213,2018-03-09,1107.83,1117.9,1102.07,1103.53,62991600.0,100000000,-0.26751258484035434,48.83522328201161
214,2018-03-12,1115.04,1116.38,1104.88,1105.24,70550360.0,100000000,0.1549572734769364,48.99018055548855
215,2018-03-13,1106.97,1111.92,1098.58,1111.54,69507730.0,100000000,0.5700119431073754,49.560192498595924
216,2018-03-14,1112.37,1121.74,1112.03,1114.73,80291500.0,100000000,0.2869892221602511,49.847181720756176
217,2018-03-15,1114.89,1114.89,1105.28,1114.68,66692850.0,100000000,-0.004485391081244294,49.84269632967493
218,2018-03-16,1111.24,1118.28,1110.63,1115.0,77810100.0,100000000,0.028707790576662028,49.87140412025159
219,2018-03-19,1117.13,1134.75,1117.13,1131.1,86881500.0,100000000,1.443946188340799,51.315350308592386
220,2018-03-20,1130.09,1139.15,1126.64,1137.1,65230910.0,100000000,0.5304570771815047,51.84580738577389
221,2018-03-21,1134.79,1148.64,1134.79,1143.08,73091790.0,100000000,0.5258992173071866,52.37170660308107
222,2018-03-22,1147.9,1159.37,1144.44,1150.03,66422240.0,100000000,0.6080064387444488,52.97971304182552
223,2018-03-23,1129.86,1132.19,1113.76,1128.49,91404180.0,100000000,-1.8729946175317134,51.1067184242938
224,2018-03-26,1129.05,1151.24,1123.9,1150.36,64659490.0,100000000,1.9379879307747423,53.04470635506854
225,2018-03-27,1146.94,1162.35,1146.94,1151.89,57679960.0,100000000,0.13300184290137004,53.17770819796991
226,2018-03-28,1150.33,1158.61,1144.71,1153.01,38817110.0,100000000,0.09723150648064406,53.27493970445056
227,2018-03-29,1154.55,1155.42,1141.76,1146.3,36974710.0,100000000,-0.5819550567644718,52.69298464768609
228,2018-03-30,1144.74,1154.59,1136.2,1152.55,55764370.0,100000000,0.5452324871325134,53.238217134818605
229,2018-04-02,1153.11,1174.13,1153.11,1171.05,63846140.0,100000000,1.605136436597111,54.84335357141572
230,2018-04-03,1171.21,1173.18,1156.91,1162.83,77682555.0,100000000,-0.7019341616498038,54.141419409765916
231,2018-04-04,1161.24,1176.22,1161.24,1167.5,77270831.0,100000000,0.4016064257028175,54.54302583546873
232,2018-04-05,1165.75,1175.64,1163.76,1170.76,67137650.0,100000000,0.27922912205567374,54.82225495752441
233,2018-04-06,1169.12,1180.6,1169.12,1173.22,73669180.0,100000000,0.21011992210188565,55.032374879626296
234,2018-04-09,1174.02,1181.58,1169.56,1181.43,80909490.0,100000000,0.6997835018155194,55.73215838144181
235,2018-04-10,1177.68,1185.06,1161.71,1173.18,92942520.0,100000000,-0.6983062898351997,55.03385209160661
236,2018-04-11,1168.41,1172.44,1138.44,1142.59,88576810.0,100000000,-2.6074430181216983,52.42640907348491
237,2018-04-12,1136.76,1142.84,1121.47,1142.29,62251900.0,100000000,-0.02625613737210675,52.400152936112804
238,2018-04-13,1146.67,1153.95,1131.61,1135.57,61699620.0,100000000,-0.5882919398751655,51.81186099623764
239,2018-04-16,1134.21,1136.8,1122.26,1129.7,47451240.0,100000000,-0.5169210176387093,51.29493997859893
240,2018-04-17,1128.03,1135.93,1119.7,1128.5,53379630.0,100000000,-0.10622289103302163,51.18871708756591
241,2018-04-18,1130.32,1136.98,1115.18,1116.19,45653000.0,100000000,-1.0908285334514796,50.097888554114434
242,2018-04-19,1115.7,1115.7,1075.1,1083.05,71319673.0,100000000,-2.969028570404689,47.128859983709745
243,2018-04-20,1066.09,1085.59,1047.71,1085.59,105618648.0,100000000,0.234522875213514,47.36338285892326
244,2018-04-23,1091.18,1098.58,1056.44,1056.44,62713929.0,100000000,-2.685175803019544,44.67820705590371
245,2018-04-24,1055.37,1060.92,1027.74,1052.45,64395550.0,100000000,-0.37768354094884793,44.30052351495486
246,2018-04-26,1055.95,1057.2,1011.51,1019.26,79128835.0,100000000,-3.1535939949641363,41.14692951999073
247,2018-04-27,1018.97,1029.36,1007.39,1024.56,62155540.0,100000000,0.5199850872201356,41.66691460721086
248,2018-05-02,1029.76,1033.2,1009.98,1011.53,59945580.0,100000000,-1.2717654407745738,40.39514916643629
249,2018-05-03,1012.84,1012.84,989.0,1011.19,84957120.0,100000000,-0.0336124484691426,40.36153671796715
250,2018-05-04,1010.35,1023.16,1006.99,1011.1,52369491.0,100000000,-0.008900404473939796,40.35263631349321
251,2018-05-07,1010.99,1046.17,1010.99,1045.74,57387860.0,100000000,3.4259717139748775,43.77860802746808
252,2018-05-08,1047.27,1059.68,1042.59,1053.13,55973277.0,100000000,0.7066766117773157,44.4852846392454
253,2018-05-09,1047.83,1058.09,1037.1,1046.41,47473206.0,100000000,-0.6380978606629786,43.84718677858242
254,2018-05-10,1046.9,1047.5,1009.79,1022.63,59374600.0,100000000,-2.2725317991991747,41.57465497938325
255,2018-05-11,1019.69,1029.73,1003.47,1028.58,58016828.0,100000000,0.5818331165719696,42.15648809595522
256,2018-05-14,1031.18,1048.58,1029.92,1047.27,44490870.0,100000000,1.817068191098413,43.97355628705363
257,2018-05-15,1051.45,1067.61,1051.45,1058.35,50404430.0,100000000,1.0579888662904435,45.03154515334408
258,2018-05-16,1055.31,1055.31,1031.33,1035.14,43322640.0,100000000,-2.193036330136515,42.83850882320756
259,2018-05-17,1034.2,1035.45,1011.72,1015.29,50720880.0,100000000,-1.9176150085978838,40.92089381460968
260,2018-05-18,1007.05,1023.14,989.2,1020.05,54375740.0,100000000,0.4688315653655597,41.38972537997524
261,2018-05-21,1022.21,1027.85,1000.01,1004.37,41470210.0,100000000,-1.5371795500220529,39.852545829953186
262,2018-05-22,997.21,997.21,947.7,958.51,70200450.0,100000000,-4.566046377331064,35.286499452622124
263,2018-05-23,957.72,973.07,945.01,968.54,86810350.0,100000000,1.0464157911758847,36.332915243798006
264,2018-05-24,968.54,974.17,951.17,960.55,54628219.0,100000000,-0.8249530220744636,35.507962221723545
265,2018-05-25,958.74,960.57,936.32,936.32,58139907.0,100000000,-2.52251314351152,32.98544907821203
266,2018-05-28,936.32,936.32,894.31,898.0,82481520.0,100000000,-4.092617908407387,28.89283116980464
267,2018-05-29,897.13,932.82,881.91,924.9,70429770.0,100000000,2.9955456570155876,31.888376826820227
268,2018-05-30,924.9,925.18,902.0,918.64,60156482.0,100000000,-0.6768299275597353,31.211546899260494
269,2018-05-31,918.75,950.49,914.57,947.62,75466380.0,100000000,3.1546634154837605,34.36621031474425
270,2018-06-01,947.31,970.81,947.31,968.87,79677220.0,100000000,2.2424600578290876,36.608670372573336
271,2018-06-04,970.81,996.82,970.81,996.82,62475210.0,100000000,2.8848039468659414,39.49347431943928
272,2018-06-05,996.67,1008.83,996.15,1007.55,90284200.0,100000000,1.0764230252201907,40.56989734465947
273,2018-06-06,1007.32,1022.97,995.29,1022.73,64332597.0,100000000,1.5066249813905082,42.07652232604998
274,2018-06-07,1023.95,1034.72,1020.77,1026.59,64931690.0,100000000,0.37742121576563703,42.45394354181562
275,2018-06-08,1026.76,1028.42,1017.9,1024.09,51701693.0,100000000,-0.24352467879094872,42.21041886302467
276,2018-06-11,1025.71,1034.85,1016.22,1026.64,70099327.0,100000000,0.249001552597934,42.4594204156226
277,2018-06-12,1021.02,1021.02,989.53,1007.09,83823290.0,100000000,-1.9042702407854815,40.555150174837124
278,2018-06-13,1008.32,1018.21,1005.58,1018.21,37966730.0,100000000,1.1041714245995893,41.659321599436716
279,2018-06-14,1018.59,1022.95,1005.48,1007.49,49785960.0,100000000,-1.052828002082088,40.60649359735463
280,2018-06-15,1004.14,1005.71,994.38,1001.14,33701560.0,100000000,-0.6302792087266397,39.97621438862799
281,2018-06-18,1005.04,1006.58,970.83,976.84,52488530.0,100000000,-2.4272329544319433,37.548981434196044
282,2018-06-19,970.06,970.06,919.09,929.15,91699457.0,100000000,-4.882068711354987,32.666912722841055
283,2018-06-20,945.3,964.51,936.83,964.48,42642240.0,100000000,3.802400043050104,36.46931276589116
284,2018-06-21,966.86,966.91,950.06,957.56,33653850.0,100000000,-0.7174850696748583,35.7518276962163
285,2018-06-22,955.75,972.94,945.59,972.93,39718588.0,100000000,1.6051213500981667,37.35694904631447
286,2018-06-25,973.45,989.18,973.45,984.93,36440470.0,100000000,1.2333878079615184,38.59033685427599
287,2018-06-26,981.97,981.97,959.29,972.85,32861100.0,100000000,-1.2264831003218428,37.363853753954146
288,2018-06-27,973.89,976.93,964.66,966.57,31007767.0,100000000,-0.6455260317623449,36.7183277221918
289,2018-06-28,962.93,967.28,943.12,945.56,47594050.0,100000000,-2.173665642426322,34.54466207976548
290,2018-06-29,947.03,951.74,939.7,949.86,35192670.0,100000000,0.4547569694149571,34.99941904918044
291,2018-07-02,947.55,947.55,917.8,930.4,58189784.0,100000000,-2.0487229697008016,32.950696079479634
292,2018-07-03,930.12,931.12,893.49,895.57,61631490.0,100000000,-3.74355116079105,29.207144918688584
293,2018-07-04,891.97,901.28,880.37,900.67,44085058.0,100000000,0.56946972319304,29.776614641881626
294,2018-07-05,900.89,905.51,875.17,884.3,43312540.0,100000000,-1.817535834434366,27.95907880744726
295,2018-07-06,880.17,910.14,870.34,908.14,60016250.0,100000000,2.6959176749971765,30.654996482444435
296,2018-07-09,905.97,916.84,896.79,901.01,41589359.0,100000000,-0.7851212368137066,29.86987524563073
297,2018-07-10,898.09,906.25,898.09,902.9,36327851.0,100000000,0.20976459750724036,30.079639843137972
298,2018-07-11,894.16,894.16,871.22,875.87,51714256.0,100000000,-2.993687008528073,27.0859528346099
299,2018-07-12,877.68,893.15,870.53,883.74,36774840.0,100000000,0.8985351707445175,27.984488005354414
300,2018-07-13,886.17,902.14,886.17,897.33,41297008.0,100000000,1.5377826057437745,29.52227061109819
301,2018-07-16,901.68,910.82,897.03,901.65,43437140.0,100000000,0.48142823710339966,30.00369884820159
302,2018-07-17,903.87,912.32,892.39,912.29,44196250.0,100000000,1.1800587811234944,31.183757629325086
303,2018-07-18,915.53,933.51,915.23,932.27,55569650.0,100000000,2.190093062513019,33.37385069183811
304,2018-07-19,935.54,946.39,934.2,943.48,51223358.0,100000000,1.2024413528269746,34.57629204466508
305,2018-07-20,941.09,941.41,926.94,941.41,51592030.0,100000000,-0.21940051723407492,34.356891527431
306,2018-07-23,927.01,945.13,926.56,932.17,64960664.0,100000000,-0.9815064637086933,33.37538506372231
307,2018-07-24,931.31,932.83,916.19,924.04,54922920.0,100000000,-0.8721585118594243,32.50322655186289
308,2018-07-25,923.55,931.55,919.1,919.1,51641540.0,100000000,-0.5346088913899767,31.968617660472912
309,2018-07-26,915.7,920.07,907.6,917.75,44902590.0,100000000,-0.14688282015014936,31.821734840322762
310,2018-07-27,923.02,930.57,918.37,926.3,43624590.0,100000000,0.9316262598746886,32.75336110019745
311,2018-07-30,927.36,940.22,927.36,940.16,47441575.0,100000000,1.4962755046961045,34.24963660489356
312,2018-07-31,938.73,948.38,934.39,946.88,58064530.0,100000000,0.7147719537100097,34.96440855860357
313,2018-08-01,944.38,947.08,935.63,939.22,52728380.0,100000000,-0.8089726258871206,34.15543593271645
314,2018-08-02,939.85,939.85,924.38,936.04,49824480.0,100000000,-0.3385788207235859,33.81685711199287
315,2018-08-03,938.51,949.93,938.51,943.78,43608900.0,100000000,0.8268877398401788,34.64374485183305
316,2018-08-06,941.12,943.98,935.75,938.6,42270744.0,100000000,-0.5488567250842304,34.09488812674882
317,2018-08-07,939.81,941.63,933.77,935.82,50660400.0,100000000,-0.29618580865117966,33.79870231809764
318,2018-08-08,937.69,946.07,937.58,943.96,42747294.0,100000000,0.8698253937723052,34.66852771186994
319,2018-08-09,945.89,954.38,942.83,944.23,59152944.0,100000000,0.028602906902832938,34.697130618772775
320,2018-08-10,943.91,947.29,936.44,946.92,40716694.0,100000000,0.2848882157948742,34.98201883456765
321,2018-08-13,946.75,959.38,941.95,959.22,78660670.0,100000000,1.298948168799906,36.28096700336755
322,2018-08-14,960.29,968.62,959.23,966.99,55527080.0,100000000,0.810033151935946,37.0910001553035
323,2018-08-15,965.6,969.8,947.78,954.62,63069071.0,100000000,-1.2792272929399482,35.81177286236355
324,2018-08-16,946.91,948.02,932.27,944.42,62470193.0,100000000,-1.0684879847478626,34.743284877615686
325,2018-08-17,950.18,959.39,950.18,952.54,42745370.0,100000000,0.8597869591918855,35.60307183680757
326,2018-08-20,949.23,952.16,942.33,946.83,50753160.0,100000000,-0.59944989186805,35.003621944939525
327,2018-08-21,946.55,953.69,944.88,953.38,44796910.0,100000000,0.6917820516882602,35.69540399662778
328,2018-08-22,956.0,963.17,956.0,958.95,73907886.0,100000000,0.5842371352451331,36.279641131872914
329,2018-08-23,960.09,963.91,957.98,960.95,41501360.0,100000000,0.20856144741644508,36.48820257928936
330,2018-08-24,960.22,963.09,955.16,960.25,54426109.0,100000000,-0.07284458088350544,36.41535799840585
331,2018-08-27,960.43,969.97,960.43,966.55,64772025.0,100000000,0.6560791460557099,37.07143714446156
332,2018-08-28,966.34,972.4,966.34,971.15,58569761.0,100000000,0.47591950752677287,37.54735665198834
333,2018-08-29,971.01,972.32,964.0,967.85,45399267.0,100000000,-0.3398033259537615,37.20755332603458
334,2018-08-30,964.99,972.16,960.86,972.16,51756168.0,100000000,0.44531693960840474,37.65287026564298
335,2018-08-31,975.48,979.11,969.77,971.79,56406130.0,100000000,-0.038059578670178215,37.6148106869728
336,2018-09-04,969.23,971.3,956.66,959.3,48622530.0,100000000,-1.2852571028720208,36.32955358410078
337,2018-09-05,951.09,953.37,938.53,941.84,52564307.0,100000000,-1.8200771395809365,34.50947644451984
338,2018-09-06,941.0,944.73,931.99,933.46,44518328.0,100000000,-0.889747727851864,33.61972871666798
339,2018-09-07,932.12,944.66,931.19,943.97,45032250.0,100000000,1.1259186253294184,34.7456473419974
340,2018-09-10,945.04,948.31,942.68,945.02,51200082.0,100000000,0.1112323484856462,34.85687969048304
341,2018-09-11,943.67,958.24,940.78,958.09,47472030.0,100000000,1.3830395123912775,36.23991920287432
342,2018-09-12,959.2,967.78,959.08,960.3,52692720.0,100000000,0.230667265079473,36.470586467953794
343,2018-09-13,958.67,963.72,955.64,955.64,50343200.0,100000000,-0.4852650213474923,35.9853214466063
344,2018-09-14,958.01,965.23,958.01,960.36,57892100.0,100000000,0.49390984052572384,36.47923128713202
345,2018-09-17,960.33,960.94,951.38,952.63,44195440.0,100000000,-0.8049064933983108,35.67432479373371
346,2018-09-18,953.79,957.85,945.93,957.85,57894990.0,100000000,0.5479567093205155,36.22228150305423
347,2018-09-19,959.75,969.34,959.75,962.88,69034630.0,100000000,0.525134415618309,36.74741591867254
348,2018-09-20,962.7,970.97,962.26,970.97,60822270.0,100000000,0.8401877700232669,37.58760368869581
349,2018-09-21,971.18,978.52,968.73,978.43,86866360.0,100000000,0.7683038610873583,38.35590754978317
350,2018-09-24,974.47,986.3,974.47,985.32,57599660.0,100000000,0.7041893645943093,39.060096914377475
351,2018-09-25,985.57,988.23,980.44,983.47,58558400.0,100000000,-0.18775626192506217,38.872340652452415
352,2018-09-26,985.26,989.54,980.8,984.26,61184790.0,100000000,0.08032781884551268,38.952668471297926
353,2018-09-27,985.28,992.1,984.15,987.78,52980730.0,100000000,0.3576290817466911,39.31029755304462
354,2018-09-28,991.0,996.6,990.36,993.72,91751787.0,100000000,0.6013484784061284,39.91164603145075
355,2018-10-01,994.76,1001.14,990.0,994.34,83207572.0,100000000,0.06239182063357933,39.97403785208433
356,2018-10-02,990.41,992.77,984.54,986.11,178825902.0,100000000,-0.827684695375829,39.1463531567085
357,2018-10-03,987.46,992.87,986.16,988.79,56404140.0,100000000,0.27177495411261926,39.41812811082112
358,2018-10-04,990.49,993.78,989.06,992.23,70924863.0,100000000,0.3478999585351849,39.76602806935631
359,2018-10-05,993.61,993.61,981.8,982.41,141320997.0,100000000,-0.9896898904487922,38.776338178907515
360,2018-10-08,979.27,979.27,968.61,970.22,74383300.0,100000000,-1.24082613165582,37.53551204725169
361,2018-10-09,970.21,974.29,966.68,968.62,69770550.0,100000000,-0.1649110511018143,37.37060099614988
362,2018-10-10,967.37,970.51,961.7,965.75,67325200.0,100000000,-0.2962978257727493,37.074303170377135
363,2018-10-11,948.02,948.02,911.69,916.82,134146771.0,100000000,-5.066528604711359,32.00777456566578
364,2018-10-12,920.02,942.57,908.74,942.57,82239102.0,100000000,2.808621103379071,34.81639566904485
365,2018-10-15,943.49,943.62,927.6,928.45,40847840.0,100000000,-1.498031976404936,33.31836369263991
366,2018-10-16,928.46,939.1,926.96,939.0,41901071.0,100000000,1.1363024395497823,34.45466613218969
367,2018-10-17,939.41,949.41,939.41,945.24,54220331.0,100000000,0.6645367412140585,35.11920287340375
368,2018-10-18,945.92,945.92,936.22,938.28,42549350.0,100000000,-0.7363209343658792,34.38288193903787
369,2018-10-19,937.47,937.47,920.28,932.13,44902890.0,100000000,-0.6554546617214454,33.72742727731643
370,2018-10-22,931.66,938.02,925.29,925.58,41680310.0,100000000,-0.7026916846362583,33.02473559268017
371,2018-10-23,919.02,919.3,893.34,905.84,74260779.0,100000000,-2.132716782990126,30.892018809690047
372,2018-10-24,908.0,909.4,896.61,899.47,48378576.0,100000000,-0.7032146957520097,30.188804113938037
373,2018-10-25,896.39,896.39,860.13,889.73,57124292.0,100000000,-1.0828599063893192,29.105944207548717
374,2018-10-26,890.71,897.48,881.98,883.84,41132381.0,100000000,-0.6619985838400397,28.44394562370868
375,2018-10-29,881.06,881.87,870.36,874.21,41495337.0,100000000,-1.0895637219406222,27.354381901768058
376,2018-10-30,874.43,881.83,868.29,875.69,40290870.0,100000000,0.16929570698116223,27.52367760874922
377,2018-10-31,874.06,898.14,874.06,898.04,62772159.0,100000000,2.5522730646689933,30.075950673418212
378,2018-11-01,901.57,901.57,885.58,886.45,66606824.0,100000000,-1.2905883924992114,28.785362280919003
379,2018-11-02,887.72,905.55,887.72,905.55,53475068.0,100000000,2.154661853460422,30.940024134379424
380,2018-11-05,903.24,903.79,894.88,903.56,35919350.0,100000000,-0.2197559494230036,30.72026818495642
381,2018-11-06,905.34,909.19,900.93,901.23,36510513.0,100000000,-0.2578688742308123,30.46239931072561
382,2018-11-07,900.47,903.15,892.79,897.84,49785050.0,100000000,-0.37615259145833874,30.08624671926727
383,2018-11-08,901.42,909.69,899.65,899.65,28989965.0,100000000,0.2015949389646201,30.28784165823189
384,2018-11-09,900.4,900.4,886.39,887.15,35810880.0,100000000,-1.3894292224754072,28.898412435756484
385,2018-11-12,883.49,889.06,875.29,888.69,33433840.0,100000000,0.17358958462493124,29.072002020381415
386,2018-11-13,888.2,888.2,874.57,877.24,39945888.0,100000000,-1.2884132824719583,27.783588737909458
387,2018-11-14,873.87,880.65,868.63,870.69,49260448.0,100000000,-0.746659979025119,27.03692875888434
388,2018-11-15,871.55,874.87,859.86,861.84,53610392.0,100000000,-1.0164352410157487,26.02049351786859
389,2018-11-16,865.03,874.94,863.89,871.69,39403500.0,100000000,1.1429035551842595,27.16339707305285
390,2018-11-19,869.24,888.0,869.24,887.54,44223419.0,100000000,1.818306966926305,28.981704039979153
391,2018-11-20,888.76,892.62,883.8,892.32,47746600.0,100000000,0.5385672758410986,29.520271315820253
392,2018-11-21,888.54,895.2,880.83,894.58,40429590.0,100000000,0.25327236865698305,29.773543684477236
393,2018-11-22,897.28,900.77,896.18,899.19,46348125.0,100000000,0.5153256276688517,30.288869312146087
394,2018-11-23,898.9,899.37,889.78,890.32,39672674.0,100000000,-0.9864433545746731,29.302425957571415
395,2018-11-26,889.88,896.12,886.76,895.98,26947190.0,100000000,0.6357264803666062,29.938152437938022
396,2018-11-27,895.07,903.78,893.96,897.46,36362445.0,100000000,0.16518225853255855,30.10333469647058
397,2018-11-28,895.3,899.65,894.27,899.44,34206340.0,100000000,0.2206226461346487,30.32395734260523
398,2018-11-29,901.48,910.48,898.39,898.85,40044890.0,100000000,-0.06559637107533929,30.25836097152989
399,2018-11-30,897.48,898.69,890.41,895.78,54487563.0,100000000,-0.3415475329587862,29.916813438571104
400,2018-12-03,894.79,921.31,894.79,921.16,65687930.0,100000000,2.8332849583603115,32.75009839693141
401,2018-12-04,921.72,929.33,920.2,927.32,51250680.0,100000000,0.668722046115776,33.41882044304719
402,2018-12-05,927.39,928.9,915.9,926.09,64119772.0,100000000,-0.1326402967691863,33.286180146278
403,2018-12-06,925.68,928.64,916.63,921.47,58021010.0,100000000,-0.49887159995248886,32.78730854632551
404,2018-12-07,922.86,933.29,922.86,929.36,53479020.0,100000000,0.8562405721293137,33.64354911845483
405,2018-12-10,929.59,929.59,921.59,923.7,49144230.0,100000000,-0.6090212619436998,33.034527856511126
406,2018-12-11,922.58,925.43,915.68,919.23,43186333.0,100000000,-0.48392335173758005,32.550604504773546
407,2018-12-12,922.34,927.53,922.34,927.36,46871787.0,100000000,0.8844358865572267,33.43504039133077
408,2018-12-13,928.21,935.33,927.92,929.79,49371471.0,100000000,0.2620341614906778,33.69707455282145
409,2018-12-14,928.84,928.84,918.19,919.22,48737278.0,100000000,-1.136815840135938,32.56025871268551
410,2018-12-17,914.97,914.97,901.93,902.64,102461236.0,100000000,-1.8037031396183765,30.756555573067132
411,2018-12-18,901.41,901.41,881.76,889.11,56628680.0,100000000,-1.4989364530709888,29.257619119996143
412,2018-12-19,890.78,891.69,877.63,882.12,56301053.0,100000000,-0.7861794378648321,28.47143968213131
413,2018-12-20,880.4,883.76,876.15,880.8,42082130.0,100000000,-0.1496395048292806,28.32180017730203
414,2018-12-21,877.03,877.03,866.09,876.3,42795400.0,100000000,-0.510899182561308,27.810900994740724
415,2018-12-24,873.14,879.74,872.99,875.44,38375040.0,100000000,-0.09813990642472897,27.712761088315993
416,2018-12-25,873.56,873.56,850.33,864.88,75649360.0,100000000,-1.2062505711413756,26.50651051717462
417,2018-12-26,865.69,867.88,860.52,860.55,29203000.0,100000000,-0.500647488668953,26.005863028505665
418,2018-12-27,861.02,872.71,861.02,867.35,42515480.0,100000000,0.7901923188658495,26.796055347371514
419,2018-12-28,866.04,868.62,863.91,866.83,33187475.0,100000000,-0.05995272957859939,26.736102617792913
420,2019-01-02,854.99,864.64,852.79,855.78,31301180.0,100000000,-1.2747597568150697,25.461342860977844
421,2019-01-03,855.66,856.21,834.81,837.52,49285322.0,100000000,-2.1337259576059258,23.32761690337192
422,2019-01-04,838.79,842.05,821.83,838.57,36876690.0,100000000,0.1253701404145654,23.452987043786482
423,2019-01-07,840.17,858.69,840.17,849.74,31454769.0,100000000,1.3320295264557471,24.78501657024223
424,2019-01-08,851.2,852.92,841.86,845.4,27383580.0,100000000,-0.5107444630122192,24.27427210723001
425,2019-01-09,845.53,856.87,845.25,853.73,33990810.0,100000000,0.9853323870357277,25.25960449426574
426,2019-01-10,855.51,859.93,852.96,858.0,32635748.0,100000000,0.5001581296194326,25.759762623885173
427,2019-01-11,857.84,862.88,857.67,858.73,37490306.0,100000000,0.08508158508158721,25.84484420896676
428,2019-01-14,860.4,860.4,854.71,858.19,34048990.0,100000000,-0.06288356060693857,25.78196064835982
429,2019-01-15,859.42,865.26,856.04,863.95,29984090.0,100000000,0.6711800417157029,26.453140690075525
430,2019-01-16,865.1,868.41,861.18,865.1,39523790.0,100000000,0.13310955495109406,26.58625024502662
431,2019-01-17,864.15,864.15,857.61,858.92,26880930.0,100000000,-0.7143682811235769,25.871881963903043
432,2019-01-18,853.34,859.95,853.34,854.77,61108679.0,100000000,-0.4831649047641198,25.388717059138923
433,2019-01-21,855.0,865.59,855.0,863.82,47219702.0,100000000,1.0587643459644196,26.447481405103343
434,2019-01-22,864.1,865.92,859.63,860.0,33934940.0,100000000,-0.44222175916279427,26.005259645940548
435,2019-01-23,859.26,864.83,856.77,861.8,34912827.0,100000000,0.20930232558139006,26.21456197152194
436,2019-01-24,861.63,866.49,861.04,865.06,36287470.0,100000000,0.3782780227430948,26.592839994265034
437,2019-01-25,865.44,869.53,865.44,867.52,33098460.0,100000000,0.28437333826555805,26.87721333253059
438,2019-01-28,867.6,871.56,865.9,867.72,23536590.0,100000000,0.023054223533756624,26.900267556064346
439,2019-01-29,868.81,871.21,863.22,869.36,29554441.0,100000000,0.1890010602498486,27.089268616314193
440,2019-01-30,872.01,872.01,867.92,870.21,30329430.0,100000000,0.09777307444557178,27.187041690759767
441,2019-01-31,869.38,874.09,865.37,866.7,39286530.0,100000000,-0.4033509152963067,26.78369077546346
